date,rain_sum,snowfall_sum,wind_direction_10m_dominant,wind_speed_10m_max,temperature_2m_mean,surface_pressure_mean,soil_moisture_0_to_100cm_mean
2024-01-01 00:00:00+00:00,2.1,2.1,218.95148,17.974781,2.00625,939.8259,0.40954375
2024-01-02 00:00:00+00:00,7.7999997,3.5700002,202.64037,30.551254,1.4208335,935.1826,0.41043377
2024-01-03 00:00:00+00:00,9.100001,0.0,228.18596,27.86921,5.3833327,927.6814,0.42369175
2024-01-04 00:00:00+00:00,3.4999998,0.0,260.042,19.9954,3.0166664,930.7593,0.42733964
2024-01-05 00:00:00+00:00,0.1,0.07,198.38681,21.2522,1.5000001,937.72406,0.42144752
2024-01-06 00:00:00+00:00,1.4000001,0.48999998,11.1261635,20.696085,-0.10416678,939.58307,0.41617918
2024-01-07 00:00:00+00:00,0.1,1.8900003,5.74571,28.449112,-7.472916,946.863,0.4117525
2024-01-08 00:00:00+00:00,0.0,0.07,4.002755,24.546085,-11.127084,956.7785,0.40758952
2024-01-09 00:00:00+00:00,0.0,0.0,349.64493,12.496719,-9.5125,962.02057,0.4040542
2024-01-10 00:00:00+00:00,0.0,0.0,209.15309,11.503113,-4.6979165,959.53705,0.40104672
2024-01-11 00:00:00+00:00,0.1,0.07,313.79657,22.539564,-3.8604174,956.0688,0.3983558
2024-01-12 00:00:00+00:00,0.5,0.14,306.9878,15.9134655,-4.075,955.99457,0.39628628
2024-01-13 00:00:00+00:00,0.2,0.07,244.58891,19.08,-2.2145832,946.4533,0.39416587
2024-01-14 00:00:00+00:00,0.1,2.5899994,239.12749,21.194187,-1.4895831,935.06573,0.3923025
2024-01-15 00:00:00+00:00,0.10000001,2.2400002,241.32335,24.693481,-3.1479166,927.6408,0.39064252
2024-01-16 00:00:00+00:00,0.0,0.77,254.75139,18.584509,-4.25625,936.52386,0.3889238
2024-01-17 00:00:00+00:00,1.2,1.4000001,200.08727,30.068083,-4.516667,928.76654,0.38748375
2024-01-18 00:00:00+00:00,3.9999995,2.7999997,338.3057,28.533264,-2.275,926.488,0.38871875
2024-01-19 00:00:00+00:00,0.0,0.0,256.94174,12.413476,-8.620833,944.2715,0.38766006
2024-01-20 00:00:00+00:00,0.0,0.0,217.01169,15.683774,-6.9395833,955.3582,0.38643953
2024-01-21 00:00:00+00:00,0.0,0.0,205.31877,27.852928,-5.4624996,957.73395,0.38518703
2024-01-22 00:00:00+00:00,4.6,0.0,203.49734,34.77868,-0.7541666,948.4263,0.3844538
2024-01-23 00:00:00+00:00,0.1,0.0,241.68246,20.65848,1.2666668,951.87946,0.38958
2024-01-24 00:00:00+00:00,4.3999996,0.42000002,246.62135,34.488674,3.677083,946.4544,0.39981666
2024-01-25 00:00:00+00:00,0.2,0.0,303.42538,36.982006,2.0874999,951.2088,0.40806624
2024-01-26 00:00:00+00:00,4.7999997,0.14,261.9749,34.47928,1.2125,952.5878,0.4088063
2024-01-27 00:00:00+00:00,0.0,0.0,311.39233,30.563978,0.56250006,959.86566,0.40969253
2024-01-28 00:00:00+00:00,0.0,0.0,212.59535,15.596767,-0.0145833,965.4487,0.4072758
2024-01-29 00:00:00+00:00,0.0,0.0,199.24669,25.40743,0.72916657,963.32745,0.40478
2024-01-30 00:00:00+00:00,0.0,0.0,200.4543,25.537172,-0.15208323,962.3018,0.40233585
2024-01-31 00:00:00+00:00,0.6,0.0,202.47736,23.188583,0.92291665,960.4819,0.40044418
2024-02-01 00:00:00+00:00,1.0000001,0.14,260.91284,25.318008,1.74375,954.0061,0.39942798
2024-02-02 00:00:00+00:00,0.10000001,0.28,252.53745,20.12461,1.5749999,954.74774,0.39792672
2024-02-03 00:00:00+00:00,0.2,0.0,262.4356,19.201874,5.1499996,950.3052,0.39707252
2024-02-04 00:00:00+00:00,10.9,0.0,274.99008,24.20314,4.81875,946.8518,0.40103543
2024-02-05 00:00:00+00:00,9.6,0.0,264.55972,27.74103,6.285416,942.96356,0.41570497
2024-02-06 00:00:00+00:00,0.4,0.0,235.08849,25.862436,4.2895827,941.22437,0.4138546
2024-02-07 00:00:00+00:00,10.200001,1.2600001,252.50725,30.353355,3.122917,934.7051,0.41655245
2024-02-08 00:00:00+00:00,4.1000004,1.3299999,189.18527,11.726277,0.8625,933.3599,0.41678086
2024-02-09 00:00:00+00:00,7.3999996,0.0,203.4965,24.149532,5.4895835,927.2612,0.42066252
2024-02-10 00:00:00+00:00,1.0,0.0,192.7347,15.137133,7.0833335,925.9086,0.41998795
2024-02-11 00:00:00+00:00,14.099999,0.0,187.91034,20.265795,6.4958324,923.803,0.42199752
2024-02-12 00:00:00+00:00,0.5,0.0,248.19852,14.512064,3.814583,933.6336,0.42165586
2024-02-13 00:00:00+00:00,0.0,0.0,295.01685,17.713316,1.620833,947.6682,0.41635218
2024-02-14 00:00:00+00:00,0.0,0.0,206.05086,21.2522,2.0708332,951.6254,0.41157997
2024-02-15 00:00:00+00:00,0.0,0.0,207.60602,16.923828,6.210417,951.98956,0.4081609
2024-02-16 00:00:00+00:00,0.0,0.0,200.90935,24.066206,6.71875,950.6844,0.4052683
2024-02-17 00:00:00+00:00,5.2999997,0.0,290.39493,19.453327,5.908333,957.4082,0.40512004
2024-02-18 00:00:00+00:00,0.0,0.0,202.60045,19.011953,3.2583332,960.65875,0.40240422
2024-02-19 00:00:00+00:00,4.8,0.0,251.37982,25.809765,4.2687507,950.8112,0.4013321
2024-02-20 00:00:00+00:00,1.2,0.0,283.01392,19.319628,3.8333333,953.4184,0.39987877
2024-02-21 00:00:00+00:00,1.8999999,0.0,212.60135,22.91026,3.8750007,949.1655,0.39862213
2024-02-22 00:00:00+00:00,20.099998,0.0,197.90001,29.775719,4.6687503,932.9436,0.40475497
2024-02-23 00:00:00+00:00,6.8999996,1.75,203.40088,23.241617,4.735418,930.7143,0.41481128
2024-02-24 00:00:00+00:00,0.9999999,3.64,213.47208,23.051247,2.4708335,936.95215,0.4149717
2024-02-25 00:00:00+00:00,0.0,0.0,208.46335,17.10284,2.3437502,939.2109,0.4123813
2024-02-26 00:00:00+00:00,0.3,0.0,190.9504,20.12461,4.060417,937.3425,0.40926245
2024-02-27 00:00:00+00:00,0.5,0.0,120.46549,14.081477,5.020833,944.2399,0.40626466
2024-02-28 00:00:00+00:00,2.9999998,0.0,351.4341,11.792404,3.2291663,950.70734,0.40592837
2024-02-29 00:00:00+00:00,0.0,0.0,186.11058,23.857979,4.6958337,948.7202,0.4035796
2024-03-01 00:00:00+00:00,3.1,0.0,182.45784,27.112564,8.464583,940.87085,0.39801
2024-03-02 00:00:00+00:00,0.70000005,0.0,183.89023,21.96295,7.429167,940.7412,0.3967992
2024-03-03 00:00:00+00:00,0.70000005,0.0,170.19974,25.582806,6.964584,938.3819,0.39437044
2024-03-04 00:00:00+00:00,0.2,0.0,14.153495,14.587776,6.7687497,939.997,0.3913575
2024-03-05 00:00:00+00:00,1.1,0.0,20.407461,12.496719,3.0083332,945.8453,0.38902292
2024-03-06 00:00:00+00:00,0.8000001,0.14,11.327149,17.377226,2.1458335,952.17303,0.3871455
2024-03-07 00:00:00+00:00,0.8000001,0.7,43.976273,18.668005,-0.04583328,954.1291,0.38273588
2024-03-08 00:00:00+00:00,0.0,0.0,137.49794,15.124284,1.2624999,950.1357,0.37866545
2024-03-09 00:00:00+00:00,0.4,0.0,172.48291,31.154043,3.7270834,942.7143,0.37797666
2024-03-10 00:00:00+00:00,1.0,0.0,162.21465,30.385365,7.3875003,936.1495,0.37646878
2024-03-11 00:00:00+00:00,1.1,0.0,188.14977,20.275385,9.03125,937.51337,0.3732467
2024-03-12 00:00:00+00:00,1.9000002,0.0,336.99927,20.545246,6.19375,944.1191,0.37028423
2024-03-13 00:00:00+00:00,0.0,0.0,300.23843,9.726664,5.9374995,948.169,0.3678746
2024-03-14 00:00:00+00:00,0.0,0.0,210.96367,10.883676,5.0,947.3989,0.3665817
2024-03-15 00:00:00+00:00,0.1,0.0,210.11363,22.691423,8.5125,944.82715,0.36757836
2024-03-16 00:00:00+00:00,2.1000001,0.0,257.38693,22.473343,7.777083,947.14264,0.3667117
2024-03-17 00:00:00+00:00,0.0,0.0,319.124,20.46941,2.65625,952.79443,0.36336914
2024-03-18 00:00:00+00:00,0.0,0.0,23.803308,14.277983,-0.7833333,950.3538,0.36001292
2024-03-19 00:00:00+00:00,0.0,0.0,143.46121,9.826088,0.36249998,952.7041,0.35724333
2024-03-20 00:00:00+00:00,0.0,0.0,204.56299,10.028439,4.7,952.102,0.35331544
2024-03-21 00:00:00+00:00,1.4000001,0.0,263.01572,14.186923,7.4604163,950.9783,0.35146248
2024-03-22 00:00:00+00:00,1.7,0.0,222.75084,19.453327,7.410417,948.30743,0.3511938
2024-03-23 00:00:00+00:00,1.9000001,0.0,232.79942,34.44167,6.0,937.7343,0.34712753
2024-03-24 00:00:00+00:00,0.1,0.56,225.15361,24.514387,2.0562499,935.42456,0.34651423
2024-03-25 00:00:00+00:00,0.8,1.96,268.08212,17.673029,2.5104165,936.29803,0.3485383
2024-03-26 00:00:00+00:00,0.0,0.0,176.38231,33.151287,5.3458333,933.5113,0.34847498
2024-03-27 00:00:00+00:00,1.4000001,0.56,186.18752,38.921646,8.814583,925.66034,0.34961
2024-03-28 00:00:00+00:00,3.5999997,0.0,212.02168,32.839027,7.643749,925.9074,0.34912834
2024-03-29 00:00:00+00:00,0.0,0.0,197.25395,29.268686,8.304167,936.96924,0.34728417
2024-03-30 00:00:00+00:00,0.0,0.0,192.70895,24.33664,12.814583,936.4986,0.3370496
2024-03-31 00:00:00+00:00,0.0,0.0,200.19035,27.210379,12.693749,933.7358,0.32930997
2024-04-01 00:00:00+00:00,1.6000001,0.0,208.56064,31.614477,12.062499,931.30194,0.3250625
2024-04-02 00:00:00+00:00,0.4,0.0,265.28583,26.525429,7.875,937.665,0.32665008
2024-04-03 00:00:00+00:00,0.8000001,0.0,235.98544,22.545315,8.004166,941.3704,0.32533666
2024-04-04 00:00:00+00:00,3.4,0.0,221.54749,27.748037,9.170833,943.8746,0.32490376
2024-04-05 00:00:00+00:00,1.5,0.0,216.42996,23.979893,10.9020815,947.9787,0.32660544
2024-04-06 00:00:00+00:00,0.6,0.0,233.32932,15.978486,13.004167,950.1086,0.32740337
2024-04-07 00:00:00+00:00,0.0,0.0,206.81624,23.042812,16.59375,951.0524,0.31916702
2024-04-08 00:00:00+00:00,0.0,0.0,200.18707,27.66384,16.518751,947.5892,0.31507036
2024-04-09 00:00:00+00:00,0.0,0.0,221.26038,29.07989,16.064583,944.58984,0.30862328
2024-04-10 00:00:00+00:00,2.8999999,0.0,322.88553,28.165257,7.8145843,957.1953,0.3089554
2024-04-11 00:00:00+00:00,0.0,0.0,281.85666,7.42159,9.770833,963.3857,0.30919087
2024-04-12 00:00:00+00:00,0.0,0.0,235.5545,11.808878,11.514584,961.6055,0.3076726
2024-04-13 00:00:00+00:00,0.0,0.0,246.1123,18.218275,13.477084,956.95416,0.30326375
2024-04-14 00:00:00+00:00,0.1,0.0,265.63043,20.275383,13.520833,950.163,0.29955587
2024-04-15 00:00:00+00:00,1.7000002,0.0,225.78741,24.464113,8.849999,940.19904,0.2957617
2024-04-16 00:00:00+00:00,1.1,0.35000002,242.47235,25.189713,5.0125003,934.12555,0.29707414
2024-04-17 00:00:00+00:00,1.2,0.0,331.05133,21.175837,2.0687501,937.73224,0.30059963
2024-04-18 00:00:00+00:00,0.4,0.84,330.2884,21.603,1.3854166,943.70044,0.30230752
2024-04-19 00:00:00+00:00,2.6000001,0.14,221.371,29.598919,2.7125003,939.17236,0.29996878
2024-04-20 00:00:00+00:00,2.2,2.5199997,337.15854,26.795223,1.6520833,942.3897,0.30473834
2024-04-21 00:00:00+00:00,0.20000002,0.42000002,9.341586,19.734436,-0.23124997,950.47516,0.30469045
2024-04-22 00:00:00+00:00,0.0,0.28,357.91043,17.208603,0.09166672,952.0411,0.30242798
2024-04-23 00:00:00+00:00,0.0,0.0,52.81519,12.55879,1.9354166,948.31445,0.30016163
2024-04-24 00:00:00+00:00,1.1000001,0.0,323.53064,6.519877,2.8812501,938.65625,0.30042964
2024-04-25 00:00:00+00:00,0.5,0.0,216.69078,21.94524,2.1,938.14703,0.30061495
2024-04-26 00:00:00+00:00,0.0,0.0,197.51595,21.746502,5.7625003,941.6089,0.30012628
2024-04-27 00:00:00+00:00,0.0,0.0,189.50261,17.81909,10.179166,945.8604,0.29288536
2024-04-28 00:00:00+00:00,0.0,0.0,190.71959,24.64094,12.704169,948.77954,0.293863
2024-04-29 00:00:00+00:00,0.0,0.0,178.93303,19.245697,15.985415,954.45386,0.29004833
2024-04-30 00:00:00+00:00,0.0,0.0,178.3764,32.169178,16.699999,953.8138,0.28100297
2024-05-01 00:00:00+00:00,0.0,0.0,169.43515,30.684587,15.458331,947.2617,0.27276912
2024-05-02 00:00:00+00:00,0.4,0.0,164.40334,25.992397,14.975002,941.3718,0.26579002
2024-05-03 00:00:00+00:00,0.5,0.0,189.81923,22.148045,13.283333,943.6241,0.26034418
2024-05-04 00:00:00+00:00,1.9000001,0.0,357.06424,8.14587,13.935417,947.71234,0.25679544
2024-05-05 00:00:00+00:00,0.8000001,0.0,207.7029,23.47741,14.325001,943.8548,0.2571309
2024-05-06 00:00:00+00:00,4.1,0.0,260.4634,11.620809,12.145833,942.13385,0.25978795
2024-05-07 00:00:00+00:00,0.1,0.0,21.569946,18.532135,9.91875,948.108,0.25828674
2024-05-08 00:00:00+00:00,0.0,0.0,34.468853,17.31746,9.504165,954.8884,0.2561179
2024-05-09 00:00:00+00:00,0.0,0.0,4.467085,12.224107,10.445833,956.5227,0.25265792
2024-05-10 00:00:00+00:00,0.0,0.0,342.78027,13.324863,12.510417,954.85297,0.24745964
2024-05-11 00:00:00+00:00,1.4000002,0.0,350.99155,15.175612,12.866666,954.0611,0.24161583
2024-05-12 00:00:00+00:00,0.0,0.0,75.74053,15.542662,11.489585,953.95306,0.24151039
2024-05-13 00:00:00+00:00,0.0,0.0,151.0665,13.324863,12.825001,950.31537,0.23434006
2024-05-14 00:00:00+00:00,0.0,0.0,130.81499,14.587776,14.512501,947.58453,0.22247003
2024-05-15 00:00:00+00:00,0.0,0.0,136.16724,21.26744,14.925002,946.9385,0.21732293
2024-05-16 00:00:00+00:00,0.0,0.0,156.39767,28.277763,14.639584,946.5363,0.21438833
2024-05-17 00:00:00+00:00,1.9,0.0,140.39876,24.693481,12.718751,944.3569,0.2197438
2024-05-18 00:00:00+00:00,5.6,0.0,191.86432,26.836306,11.10625,944.9859,0.22480838
2024-05-19 00:00:00+00:00,0.3,0.0,210.59418,18.25026,13.587501,944.4804,0.22540297
2024-05-20 00:00:00+00:00,1.0,0.0,201.19171,14.986553,15.245834,945.5559,0.22784126
2024-05-21 00:00:00+00:00,0.70000005,0.0,118.650986,18.59845,17.827082,944.20465,0.22474581
2024-05-22 00:00:00+00:00,0.3,0.0,196.11797,25.809765,14.814586,942.37384,0.23109002
2024-05-23 00:00:00+00:00,0.6,0.0,311.75085,10.137692,14.33125,948.1878,0.23358582
2024-05-24 00:00:00+00:00,9.7,0.0,106.1444,13.237039,14.287499,951.14044,0.23741122
2024-05-25 00:00:00+00:00,0.2,0.0,191.03777,19.483284,15.272918,951.533,0.23940295
2024-05-26 00:00:00+00:00,1.9,0.0,188.21356,19.201874,16.5,953.0503,0.23546916
2024-05-27 00:00:00+00:00,0.5,0.0,183.06096,22.805367,16.920835,951.75116,0.23300499
2024-05-28 00:00:00+00:00,3.1999998,0.0,240.51753,20.456745,14.693751,949.72003,0.23380171
2024-05-29 00:00:00+00:00,0.0,0.0,211.71227,13.0447235,13.635415,947.5246,0.24065419
2024-05-30 00:00:00+00:00,0.2,0.0,200.43846,14.618837,15.5625,940.34326,0.23260581
2024-05-31 00:00:00+00:00,10.3,0.0,51.03,12.979984,15.364585,940.5923,0.23090793
2024-06-01 00:00:00+00:00,7.8,0.0,218.41805,10.08,13.333335,942.20654,0.23894708
2024-06-02 00:00:00+00:00,2.3999996,0.0,317.67917,17.84816,15.183334,946.66095,0.24719419
2024-06-03 00:00:00+00:00,1.1,0.0,337.4901,15.379206,13.927082,948.6201,0.24718167
2024-06-04 00:00:00+00:00,0.5,0.0,312.95453,15.646544,12.791667,947.2453,0.24522835
2024-06-05 00:00:00+00:00,0.3,0.0,221.53484,17.477621,15.772915,946.1575,0.2438042
2024-06-06 00:00:00+00:00,4.3,0.0,236.97612,17.654688,15.445836,949.6982,0.24102002
2024-06-07 00:00:00+00:00,0.5,0.0,280.67737,16.418526,15.370834,949.7969,0.24064587
2024-06-08 00:00:00+00:00,0.8,0.0,201.26459,18.161278,17.314583,946.23535,0.23469627
2024-06-09 00:00:00+00:00,0.70000005,0.0,311.17084,16.92383,16.468752,941.6653,0.22816743
2024-06-10 00:00:00+00:00,1.4000001,0.0,339.04056,11.874544,14.406253,939.4576,0.22191209
2024-06-11 00:00:00+00:00,0.2,0.0,267.3434,18.861387,12.772916,944.1611,0.21769996
2024-06-12 00:00:00+00:00,1.8000001,0.0,279.28845,12.096214,11.335416,949.7307,0.2186271
2024-06-13 00:00:00+00:00,2.5999997,0.0,299.78354,10.799999,10.741666,949.6548,0.22048251
2024-06-14 00:00:00+00:00,0.0,0.0,189.24019,15.646544,13.004166,947.94434,0.22140038
2024-06-15 00:00:00+00:00,1.6,0.0,203.83612,27.25559,15.710415,943.55597,0.21997912
2024-06-16 00:00:00+00:00,0.6,0.0,226.22278,12.599998,16.558332,945.5257,0.21678251
2024-06-17 00:00:00+00:00,0.7,0.0,212.43974,21.67786,17.908335,948.491,0.21232833
2024-06-18 00:00:00+00:00,0.4,0.0,202.96487,21.862406,20.143751,949.8877,0.20916831
2024-06-19 00:00:00+00:00,6.6,0.0,301.76514,18.792551,18.975,948.92474,0.20765041
2024-06-20 00:00:00+00:00,0.1,0.0,141.34013,12.074766,16.362497,954.90607,0.20650505
2024-06-21 00:00:00+00:00,1.4,0.0,197.17958,25.711662,20.55625,949.32684,0.20621872
2024-06-22 00:00:00+00:00,2.7999997,0.0,253.3154,24.063513,17.464584,945.8711,0.2106796
2024-06-23 00:00:00+00:00,0.0,0.0,325.1444,18.998316,16.385416,950.47437,0.20915498
2024-06-24 00:00:00+00:00,0.70000005,0.0,12.517473,13.854155,15.562501,953.17755,0.2064746
2024-06-25 00:00:00+00:00,0.0,0.0,88.11775,16.171976,17.914583,951.8086,0.20439672
2024-06-26 00:00:00+00:00,0.5,0.0,150.52419,14.33234,20.866667,948.4954,0.20048665
2024-06-27 00:00:00+00:00,0.4,0.0,191.23116,19.9954,20.75625,946.2388,0.19685961
2024-06-28 00:00:00+00:00,0.5,0.0,237.3267,14.693999,21.65625,948.98456,0.19479126
2024-06-29 00:00:00+00:00,0.1,0.0,183.59225,15.517629,22.202085,951.0984,0.1981254
2024-06-30 00:00:00+00:00,1.2,0.0,207.55269,30.36403,23.356253,942.8306,0.19637668
2024-07-01 00:00:00+00:00,21.2,0.0,309.02383,15.124284,16.64167,944.9363,0.20021625
2024-07-02 00:00:00+00:00,0.1,0.0,301.03452,19.881649,14.170834,944.5323,0.2003138
2024-07-03 00:00:00+00:00,0.6,0.0,306.69257,10.086427,14.347915,942.347,0.20166087
2024-07-04 00:00:00+00:00,1.9000001,0.0,231.59811,25.683926,14.220834,942.2591,0.20296998
2024-07-05 00:00:00+00:00,0.6,0.0,225.22089,25.872456,13.964584,946.0127,0.20482834
2024-07-06 00:00:00+00:00,0.3,0.0,191.27554,28.08923,20.179167,943.56885,0.20247708
2024-07-07 00:00:00+00:00,3.7000003,0.0,346.13306,14.182355,15.527083,948.3125,0.21151793
2024-07-08 00:00:00+00:00,0.3,0.0,186.11551,11.298495,18.2125,952.6546,0.21413338
2024-07-09 00:00:00+00:00,0.8000001,0.0,147.86082,10.966713,21.720835,953.8566,0.20863628
2024-07-10 00:00:00+00:00,14.200001,0.0,192.09995,27.77838,22.795832,951.3664,0.20386128
2024-07-11 00:00:00+00:00,5.099999,0.0,263.41812,13.450708,20.083334,951.133,0.21311711
2024-07-12 00:00:00+00:00,20.4,0.0,170.56633,13.044722,19.670834,947.169,0.22181083
2024-07-13 00:00:00+00:00,8.599999,0.0,259.72675,13.755579,18.295834,946.0701,0.22925292
2024-07-14 00:00:00+00:00,4.3999996,0.0,192.50517,13.363711,18.80208,948.736,0.23586917
2024-07-15 00:00:00+00:00,0.0,0.0,194.4292,12.496719,20.68542,949.10065,0.23388211
2024-07-16 00:00:00+00:00,1.9000002,0.0,230.87395,18.847641,21.183332,947.8201,0.2284696
2024-07-17 00:00:00+00:00,0.90000004,0.0,232.34888,13.896187,18.422918,953.8143,0.2273679
2024-07-18 00:00:00+00:00,0.0,0.0,11.025091,10.009036,18.15417,956.9736,0.22575419
2024-07-19 00:00:00+00:00,0.0,0.0,46.61805,12.879752,19.860416,954.85187,0.22120543
2024-07-20 00:00:00+00:00,0.0,0.0,67.11933,10.30883,20.389584,948.3437,0.21463709
2024-07-21 00:00:00+00:00,0.0,0.0,178.18173,8.534353,21.445833,945.18604,0.20937246
2024-07-22 00:00:00+00:00,18.800003,0.0,309.29932,14.618837,19.843752,948.2688,0.21548961
2024-07-23 00:00:00+00:00,0.0,0.0,304.73868,11.620809,18.699999,951.3094,0.21810168
2024-07-24 00:00:00+00:00,3.9999998,0.0,319.80273,21.9718,16.566668,949.0906,0.21593793
2024-07-25 00:00:00+00:00,0.0,0.0,333.32297,15.141414,16.008333,948.9642,0.2153654
2024-07-26 00:00:00+00:00,1.1,0.0,219.0046,15.03835,18.022915,947.83453,0.21243168
2024-07-27 00:00:00+00:00,0.8,0.0,223.10349,16.641972,20.502083,949.35767,0.20901664
2024-07-28 00:00:00+00:00,8.200001,0.0,296.10263,23.277834,16.877083,952.9102,0.21183752
2024-07-29 00:00:00+00:00,0.0,0.0,322.16525,17.673029,15.147919,956.1818,0.20939206
2024-07-30 00:00:00+00:00,0.0,0.0,223.50829,8.654987,17.268751,953.29083,0.20561332
2024-07-31 00:00:00+00:00,0.0,0.0,243.43506,13.039754,21.272917,949.4013,0.19780628
2024-08-01 00:00:00+00:00,5.4,0.0,55.603794,11.298495,20.756247,946.6635,0.19262624
2024-08-02 00:00:00+00:00,21.900002,0.0,293.99774,26.121714,17.383333,942.78864,0.20057373
2024-08-03 00:00:00+00:00,0.1,0.0,327.2792,16.055353,16.71667,945.499,0.20648585
2024-08-04 00:00:00+00:00,10.0,0.0,247.72214,12.738099,16.558332,946.02344,0.20902462
2024-08-05 00:00:00+00:00,0.0,0.0,320.76538,22.86496,14.297917,948.002,0.21273582
2024-08-06 00:00:00+00:00,0.0,0.0,173.85355,9.346143,16.222916,948.72876,0.21174377
2024-08-07 00:00:00+00:00,0.3,0.0,211.08615,13.905509,19.227085,947.3901,0.20997505
2024-08-08 00:00:00+00:00,8.8,0.0,311.076,14.003028,17.668749,948.8934,0.20944043
2024-08-09 00:00:00+00:00,0.0,0.0,241.81781,17.786331,17.62292,950.9729,0.20821454
2024-08-10 00:00:00+00:00,0.3,0.0,279.88913,15.745627,19.660418,953.6983,0.20807709
2024-08-11 00:00:00+00:00,0.0,0.0,324.73166,14.799459,18.254164,954.83905,0.20598628
2024-08-12 00:00:00+00:00,0.0,0.0,54.78238,11.4862,19.906252,951.087,0.20339417
2024-08-13 00:00:00+00:00,0.0,0.0,100.3177,13.363711,21.139582,949.20264,0.1970975
2024-08-14 00:00:00+00:00,2.5,0.0,176.53185,20.211363,21.862501,948.23016,0.19341753
2024-08-15 00:00:00+00:00,0.7,0.0,233.82962,10.990322,22.189585,950.8167,0.19296585
2024-08-16 00:00:00+00:00,0.70000005,0.0,263.63184,9.693296,22.254168,951.1252,0.20420377
2024-08-17 00:00:00+00:00,2.1000001,0.0,224.307,10.990322,21.162498,947.8752,0.20251626
2024-08-18 00:00:00+00:00,8.8,0.0,83.01912,11.570515,20.614584,943.8386,0.20332332
2024-08-19 00:00:00+00:00,30.299997,0.0,337.58728,27.56058,15.881252,948.3325,0.23620999
2024-08-20 00:00:00+00:00,0.3,0.0,87.125725,10.08,17.683332,949.00055,0.23409294
2024-08-21 00:00:00+00:00,0.5,0.0,274.17035,19.513195,17.022919,946.97736,0.23293085
2024-08-22 00:00:00+00:00,0.0,0.0,214.80196,14.57889,14.591667,948.66675,0.23291667
2024-08-23 00:00:00+00:00,0.0,0.0,206.54123,24.48,18.043749,947.7031,0.23031247
2024-08-24 00:00:00+00:00,0.0,0.0,191.90596,20.192118,21.260416,949.93536,0.22363918
2024-08-25 00:00:00+00:00,3.8,0.0,302.56543,20.00512,18.720833,951.9016,0.21967708
2024-08-26 00:00:00+00:00,2.1999998,0.0,35.90254,11.91812,14.991668,956.0586,0.23093706
2024-08-27 00:00:00+00:00,0.0,0.0,35.355263,14.658676,16.045834,957.0013,0.23087044
2024-08-28 00:00:00+00:00,0.8,0.0,140.6176,13.37825,20.335417,955.22125,0.22801836
2024-08-29 00:00:00+00:00,0.0,0.0,206.999,10.44,22.831251,953.7761,0.22418047
2024-08-30 00:00:00+00:00,0.0,0.0,16.858469,9.931042,23.045837,953.85986,0.22181666
2024-08-31 00:00:00+00:00,0.0,0.0,8.014138,18.0036,17.347918,956.59937,0.21831213
2024-09-01 00:00:00+00:00,0.1,0.0,54.252903,12.783802,16.704166,953.82294,0.2203179
2024-09-02 00:00:00+00:00,0.0,0.0,146.12148,10.495713,19.639585,950.0674,0.21811128
2024-09-03 00:00:00+00:00,0.0,0.0,165.16142,19.48661,21.514582,951.5207,0.21479124
2024-09-04 00:00:00+00:00,0.0,0.0,120.726654,11.367109,22.377083,950.9981,0.20919496
2024-09-05 00:00:00+00:00,0.70000005,0.0,90.10341,17.015474,20.687502,950.2775,0.20670249
2024-09-06 00:00:00+00:00,0.0,0.0,90.27746,11.252519,18.485418,949.7332,0.20328377
2024-09-07 00:00:00+00:00,0.0,0.0,164.39726,21.096123,20.512503,950.48566,0.20394254
2024-09-08 00:00:00+00:00,0.0,0.0,168.2741,25.068514,21.706251,946.27765,0.20437293
2024-09-09 00:00:00+00:00,24.999998,0.0,195.23183,28.82249,16.293749,937.33075,0.21800081
2024-09-10 00:00:00+00:00,4.3999996,0.0,295.54364,12.819235,13.479168,942.4167,0.22340421
2024-09-11 00:00:00+00:00,0.70000005,0.0,213.13286,31.452133,12.64375,940.79364,0.22537045
2024-09-12 00:00:00+00:00,27.300001,0.0,346.6942,16.42247,8.379168,944.64984,0.24565707
2024-09-13 00:00:00+00:00,47.9,0.0,342.2408,34.494312,6.9708333,944.46484,0.27629334
2024-09-14 00:00:00+00:00,46.699993,0.0,339.3429,36.88551,9.139584,946.4981,0.33026788
2024-09-15 00:00:00+00:00,40.89999,0.0,330.88837,40.244392,9.502084,946.9551,0.37546793
2024-09-16 00:00:00+00:00,6.6999993,0.0,3.8510156,27.834309,13.166664,948.33075,0.38612667
2024-09-17 00:00:00+00:00,0.1,0.0,23.198605,18.440998,14.689583,956.49023,0.38570622
2024-09-18 00:00:00+00:00,0.0,0.0,28.658808,17.782686,14.556252,959.5066,0.38219044
2024-09-19 00:00:00+00:00,0.70000005,0.0,51.444946,23.795427,12.902084,957.51654,0.37864247
2024-09-20 00:00:00+00:00,0.0,0.0,71.20909,11.792404,12.866666,958.0319,0.37601247
2024-09-21 00:00:00+00:00,0.0,0.0,193.68591,11.5199995,13.872917,956.39886,0.3723046
2024-09-22 00:00:00+00:00,0.0,0.0,185.71051,19.881649,14.008334,951.0911,0.36794254
2024-09-23 00:00:00+00:00,0.0,0.0,202.4668,15.141414,13.970836,945.11774,0.36481878
2024-09-24 00:00:00+00:00,1.6,0.0,206.97543,24.675106,13.004167,940.67096,0.36229503
2024-09-25 00:00:00+00:00,0.0,0.0,210.87038,26.880335,13.108334,942.74677,0.36129546
2024-09-26 00:00:00+00:00,8.3,0.0,199.91681,27.322077,13.331252,935.83813,0.36107376
2024-09-27 00:00:00+00:00,4.6000004,0.0,214.58232,31.306547,13.366668,937.3868,0.36624423
2024-09-28 00:00:00+00:00,1.4,0.0,273.15683,25.264202,9.537499,946.5324,0.36777377
2024-09-29 00:00:00+00:00,0.0,0.0,331.02188,19.121557,6.4166675,958.0235,0.3671874
2024-09-30 00:00:00+00:00,0.0,0.0,129.83885,17.654688,6.633333,954.02386,0.3659463
2024-10-01 00:00:00+00:00,5.7999997,0.0,199.44014,22.775513,8.45625,945.66187,0.3671758
2024-10-02 00:00:00+00:00,15.4,0.0,225.6902,11.442394,8.464583,940.7535,0.37168002
2024-10-03 00:00:00+00:00,0.4,0.0,330.55862,17.423777,7.627083,944.63446,0.37658796
2024-10-04 00:00:00+00:00,9.5,0.0,15.160756,22.557526,6.5,946.9842,0.37864712
2024-10-05 00:00:00+00:00,7.899998,0.0,13.524284,18.455048,6.189583,948.3438,0.38849172
2024-10-06 00:00:00+00:00,0.2,0.0,242.19302,9.914717,6.347917,945.334,0.3893571
2024-10-07 00:00:00+00:00,0.0,0.0,203.40399,21.413948,8.785417,942.67645,0.38780543
2024-10-08 00:00:00+00:00,1.5,0.0,198.04588,27.872116,12.327084,938.9138,0.38547504
2024-10-09 00:00:00+00:00,3.0,0.0,199.50874,26.161995,13.447915,933.624,0.38597706
2024-10-10 00:00:00+00:00,1.3000001,0.0,213.83635,24.819122,11.904167,931.21216,0.3860987
2024-10-11 00:00:00+00:00,0.70000005,0.0,325.20795,18.03237,6.1791673,945.7444,0.38606918
2024-10-12 00:00:00+00:00,0.0,0.0,184.50708,23.569693,6.75625,950.5781,0.38475463
2024-10-13 00:00:00+00:00,3.1999998,0.0,240.23318,28.361282,7.847918,943.4256,0.38480666
2024-10-14 00:00:00+00:00,0.2,0.0,258.61163,14.892213,6.304167,949.7928,0.3850458
2024-10-15 00:00:00+00:00,0.0,0.0,349.3151,10.134496,5.616667,955.1186,0.38332042
2024-10-16 00:00:00+00:00,0.0,0.0,176.80276,27.798203,6.5624995,956.51294,0.38157877
2024-10-17 00:00:00+00:00,0.0,0.0,193.13895,35.870163,8.733333,953.4471,0.38021913
2024-10-18 00:00:00+00:00,0.0,0.0,191.42271,31.725988,9.900001,951.45294,0.37715578
2024-10-19 00:00:00+00:00,0.0,0.0,199.5712,28.007212,9.454167,953.6858,0.37381622
2024-10-20 00:00:00+00:00,0.0,0.0,200.32939,26.525429,8.652083,957.33716,0.3710567
2024-10-21 00:00:00+00:00,0.0,0.0,201.12036,23.57519,9.291666,959.0794,0.3691814
2024-10-22 00:00:00+00:00,0.1,0.0,212.70723,24.646858,10.125,958.97906,0.36812377
2024-10-23 00:00:00+00:00,0.0,0.0,14.317952,13.671707,8.120833,965.7373,0.36608455
2024-10-24 00:00:00+00:00,0.0,0.0,183.58356,18.448023,8.941667,962.147,0.36481
2024-10-25 00:00:00+00:00,0.0,0.0,201.57233,27.514105,9.881251,956.1418,0.3652438
2024-10-26 00:00:00+00:00,0.0,0.0,202.20668,17.23588,10.370833,954.2216,0.36372837
2024-10-27 00:00:00+00:00,0.0,0.0,221.24768,19.48079,10.495833,952.8081,0.36290038
2024-10-28 00:00:00+00:00,0.0,0.0,214.23946,20.49314,10.733333,957.11285,0.36142084
2024-10-29 00:00:00+00:00,0.2,0.0,214.4579,11.272657,9.924999,956.9172,0.36141336
2024-10-30 00:00:00+00:00,1.4000001,0.0,272.78647,10.571074,9.295835,957.03296,0.36028
2024-10-31 00:00:00+00:00,0.0,0.0,272.73926,9.037721,8.254167,957.4971,0.35899255
2024-11-01 00:00:00+00:00,0.0,0.0,211.02621,16.917128,7.4229164,952.971,0.35428587
2024-11-02 00:00:00+00:00,1.7,0.0,343.0816,18.947083,5.0937505,959.35443,0.35260877
2024-11-03 00:00:00+00:00,0.0,0.0,214.0662,13.849477,2.0624998,960.39606,0.35205004
2024-11-04 00:00:00+00:00,0.0,0.0,340.07126,11.052058,4.3770833,960.6826,0.35103834
2024-11-05 00:00:00+00:00,0.0,0.0,203.01886,19.620827,4.0249996,959.0192,0.34974375
2024-11-06 00:00:00+00:00,0.0,0.0,200.93282,14.607751,3.3500001,960.6069,0.34792253
2024-11-07 00:00:00+00:00,0.0,0.0,126.573105,7.5019197,4.520833,963.565,0.3462309
2024-11-08 00:00:00+00:00,0.0,0.0,157.78868,14.230248,3.5562496,962.3903,0.3461921
2024-11-09 00:00:00+00:00,0.0,0.0,202.62628,15.342294,4.8312497,958.8836,0.3441533
2024-11-10 00:00:00+00:00,0.0,0.0,224.69577,8.39078,4.358333,957.4306,0.34252164
2024-11-11 00:00:00+00:00,0.0,0.0,198.4533,10.948973,-0.44583318,957.6987,0.34211007
2024-11-12 00:00:00+00:00,0.0,0.0,356.72766,10.449306,-0.22083332,959.882,0.3156033
2024-11-13 00:00:00+00:00,0.19999999,0.7,310.327,13.121493,-0.07499995,958.1582,0.28488955
2024-11-14 00:00:00+00:00,0.4,0.0,223.6081,17.571909,1.3125,953.9888,0.28510246
2024-11-15 00:00:00+00:00,0.0,0.0,296.1752,11.1090765,2.2312496,954.3243,0.28541163
2024-11-16 00:00:00+00:00,0.0,0.0,210.58667,21.733088,1.8937501,949.6082,0.28734124
2024-11-17 00:00:00+00:00,2.3,0.21000001,218.62816,20.774214,1.3395834,940.3079,0.28521207
2024-11-18 00:00:00+00:00,0.2,2.03,237.4623,16.616642,0.63333344,939.3472,0.28312507
2024-11-19 00:00:00+00:00,9.5,3.5699997,205.06227,37.04372,2.7749999,931.0219,0.28859168
2024-11-20 00:00:00+00:00,6.7,1.96,273.40546,24.518353,-0.062499907,926.3748,0.3082979
2024-11-21 00:00:00+00:00,0.0,1.2600001,225.83916,22.303299,-1.7104167,929.1123,0.30855125
2024-11-22 00:00:00+00:00,0.0,0.0,246.80887,14.138882,-3.7104166,930.83014,0.30853924
2024-11-23 00:00:00+00:00,0.0,0.49,235.70695,27.108381,-1.7916665,948.5986,0.30854174
2024-11-24 00:00:00+00:00,2.3999999,0.28,203.84059,29.827904,2.075,950.21356,0.31159833
2024-11-25 00:00:00+00:00,0.0,0.0,201.02028,29.948233,3.8312495,948.4739,0.32135582
2024-11-26 00:00:00+00:00,1.5999999,0.0,202.74997,22.553934,2.6187499,949.23114,0.32630375
2024-11-27 00:00:00+00:00,0.0,0.0,199.75264,26.868881,2.8937502,952.8925,0.32877585
2024-11-28 00:00:00+00:00,8.099999,1.1899999,236.33945,31.079075,2.6916668,945.5552,0.33192128
2024-11-29 00:00:00+00:00,7.099999,2.73,342.22055,29.268686,1.3937501,958.5983,0.34247252
2024-11-30 00:00:00+00:00,0.0,0.0,199.26477,15.536408,0.4375001,963.3464,0.34584877
2024-12-01 00:00:00+00:00,0.0,0.0,200.55614,21.697279,0.7166667,956.60406,0.34483877
2024-12-02 00:00:00+00:00,0.5,0.0,198.28586,22.545315,0.50000006,949.9299,0.3446288
2024-12-03 00:00:00+00:00,6.2,1.19,201.84756,20.224983,0.88958335,947.5288,0.3480167
2024-12-04 00:00:00+00:00,0.3,0.0,209.62843,8.863972,0.30000007,952.7238,0.34907004
2024-12-05 00:00:00+00:00,0.0,0.42,200.79068,25.846144,-0.7375,953.8287,0.34887755
2024-12-06 00:00:00+00:00,0.1,9.03,195.73631,33.579044,-0.5833333,939.07135,0.34867835
2024-12-07 00:00:00+00:00,0.0,0.21000001,193.18347,25.875586,0.8604166,939.6563,0.34993708
2024-12-08 00:00:00+00:00,0.0,1.8900001,182.14761,17.987394,0.06041671,941.25903,0.3514025
2024-12-09 00:00:00+00:00,1.8000002,3.0099998,13.649359,19.448332,-0.9416668,949.98236,0.35218963
2024-12-10 00:00:00+00:00,0.19999996,1.54,23.899641,17.563608,-1.8895835,956.5732,0.35305163
2024-12-11 00:00:00+00:00,0.1,0.07,343.77576,12.7546215,-2.3374999,957.6992,0.3530984
2024-12-12 00:00:00+00:00,0.0,0.0,347.63095,7.1321807,-2.1583335,960.1436,0.35295078
2024-12-13 00:00:00+00:00,0.0,0.0,185.33156,22.563988,-2.3999999,960.5782,0.3526992
2024-12-14 00:00:00+00:00,0.0,0.0,215.08904,25.837994,-2.564583,947.62036,0.35230497
2024-12-15 00:00:00+00:00,0.4,0.63,260.91446,18.847641,0.83750004,950.0174,0.3524042
2024-12-16 00:00:00+00:00,0.1,0.0,252.80922,20.844278,4.9375,954.23364,0.35795334
2024-12-17 00:00:00+00:00,0.0,0.0,254.60365,14.205182,3.8062499,955.60815,0.36495662
2024-12-18 00:00:00+00:00,1.6,0.0,206.41325,23.828764,3.0208333,949.6118,0.36594915
2024-12-19 00:00:00+00:00,3.6,0.0,210.30383,28.420626,5.2833333,935.49176,0.36788964
2024-12-20 00:00:00+00:00,2.1000001,0.07,298.18372,24.23324,1.3791666,942.98456,0.3724171
2024-12-21 00:00:00+00:00,0.2,0.14,212.62181,23.763409,-0.15833329,947.06647,0.370618
2024-12-22 00:00:00+00:00,5.5,1.7500001,210.16368,31.122828,1.7645831,931.62445,0.37452912
2024-12-23 00:00:00+00:00,0.0,0.07,233.36032,9.9408245,-1.3562502,938.3449,0.3786017
2024-12-24 00:00:00+00:00,0.9000001,0.14,327.64334,18.089775,0.09374999,953.2028,0.37806964
2024-12-25 00:00:00+00:00,0.0,0.0,226.94803,8.777654,-1.8145837,964.3982,0.37774208
2024-12-26 00:00:00+00:00,0.0,0.0,324.04456,2.6999998,0.44791663,966.30316,0.3770379
2024-12-27 00:00:00+00:00,0.0,0.0,323.7707,3.6,2.3375,963.3689,0.37607375
2024-12-28 00:00:00+00:00,0.0,0.0,205.32635,7.5019197,1.9250001,958.8584,0.3751725
2024-12-29 00:00:00+00:00,0.0,0.0,196.09593,11.792404,-0.90625,955.5861,0.37443164
2024-12-30 00:00:00+00:00,0.0,0.0,195.97145,15.034041,-1.8416668,956.8464,0.3737726
2024-12-31 00:00:00+00:00,0.0,0.0,198.69379,28.174458,-1.2125002,955.8172,0.37310788
